Email,Date(YYYY-MM-DD or MM/DD/YYYY)
timothy-jan.sue.blanza@hpe.com,10/4/2016
kambala.vijaya-bhaskar@hpe.com,10/4/2016
swaroop.r.puranik@hpe.com,10/4/2016
nagaraju.madipadiga@hpe.com,10/4/2016
farla-kae.kab.camacho@hpe.com,10/4/2016
leo-cris.de.ramos@hpe.com,10/4/2016
james-angelo.aqu.de-guzman@hpe.com,10/4/2016
paulo.soriano@hpe.com,10/4/2016
sivaji.gudapuvalasa@hpe.com,10/4/2016
babasish.pattanaik@hpe.com,10/4/2016
mallikarjuna-reddy.gali@hpe.com,10/4/2016
mallikarjuna.mallisetty@hpe.com,10/4/2016
suresh.maddipatla@hpe.com,10/4/2016
lloyd-anthony.t.lim@hpe.com,10/4/2016
adriano.s.hernandez@hpe.com,10/4/2016
leoncio-jr.gim.bautista@hpe.com,10/4/2016
niladri.ghosh@hpe.com,10/4/2016
bayaz.shaikh@hpe.com,10/4/2016
inno-christian.pin.tadeo@hpe.com,10/4/2016
abner.val.daguro@hpe.com,10/4/2016
shaik.bayaz@hpe.com,10/4/2016
hannah.eus.reyes@hpe.com,10/4/2016
al-markley.chi.ramos-yeo@hpe.com,10/4/2016
brian-d.marana@hpe.com,10/4/2016
,
,
,
,
,
,
,
