Email,Date(YYYY-MM-DD or MM/DD/YYYY)
ma-derlin.can.belen@hpe.com,10/4/2016
menchie.gal.mina@hpe.com,10/4/2016
srinath.mynam@hpe.com ,10/4/2016
babasish.pattanaik@hpe.com,10/4/2016
mallikarjuna-reddy.gali@hpe.com,10/4/2016
mallikarjuna.mallisetty@hpe.com,10/4/2016
suresh.maddipatla@hpe.com,10/4/2016
lloyd-anthony.t.lim@hpe.com,10/4/2016
leoncio-jr.gim.bautista@hpe.com,10/4/2016
adriano.s.hernandez@hpe.com,10/4/2016
niladri.ghosh@hpe.com,10/4/2016
bayaz.shaikh@hpe.com,10/4/2016
abner.val.daguro@hpe.com,10/4/2016
ryan.eusebio@hpe.com,10/4/2016
,10/4/2016
kambala.vijaya-bhaskar@hpe.com,10/4/2016
swaroop.r.puranik@hpe.com,10/4/2016
nagaraju.madipadiga@hpe.com,10/4/2016
,10/4/2016
brian-d.marana@hpe.com,10/4/2016
farla-kae.kab.camacho@hpe.com,10/4/2016
leo-cris.de.ramos@hpe.com,10/4/2016
seguri@hpe.com,10/4/2016
prameela.k@hpe.com,10/4/2016
perivi.madhusudhan@hpe.com,10/4/2016
,10/4/2016
angela.cat.ragas@hpe.com,10/4/2016
ralph-terrel.jo.pingol@hpe.com,10/4/2016
carlo-marco.abe.belmonte@hpe.com,10/4/2016
nandini.deshpande@hpe.com,10/4/2016
prathibha.thimmaiah@hpe.com,10/4/2016
